<?xml version="1.0" encoding="UTF-8" standalone="yes"?>
<manifest>
  <control namespace="Subramanya" constructor="GridTabFilter" version="0.0.1" display-name-key="GridTabFilter" description-key="GridTabFilter description" control-type="standard" api-version="1.3.18">
    <external-service-usage enabled="false"/>
    <data-set name="sampleDataSet" display-name-key="Dataset_Display_Key" cds-data-set-options="displayCommandBar:true;displayViewSelector:true;displayQuickFindSearch:true"/>
    <property name="TabOptionSetField" display-name-key="Tab OptionSet Field" description-key="Select the option set field for tab generation" of-type="SingleLine.Text" usage="input" required="true"/>
    <resources>
      <code path="bundle.js" order="1"/>
      <css path="css/DetailListGridControl.css" order="1"/>
    </resources>
    <feature-usage/>
    <built-by name="pac" version="1.48.2"/>
  </control>
</manifest>